"FileName","TargetIssueFreq","TargetCommitFreq","TargetChurn","ChangeFreq","ChangeChurn","Clique","Crossing","isCenter","ModularityViolation","PackageCycle","UnhealthyInheritance","UnstableInterface","isUnstableInterface"
"src.main.java.edu.drexel.TrainDemo.models.Cart_java","0","0","0","0","0","0","0","false","0","0","0","0","false"
"src.main.java.edu.drexel.TrainDemo.repositories.UserRepository_java","0","0","0","0","0","0","0","false","0","0","0","0","false"
"src.main.java.edu.drexel.TrainDemo.configuration.Mvcconfiguration_java","0","0","0","0","0","0","0","false","0","0","0","0","false"
"src.main.java.edu.drexel.TrainDemo.repositories.AgencyRepository_java","0","0","0","0","0","0","0","false","0","0","0","0","false"
"src.main.java.edu.drexel.TrainDemo.models.Trip_java","0","0","0","0","0","0","0","false","0","0","0","0","false"
"src.main.java.edu.drexel.TrainDemo.service.IUserService_java","0","0","0","0","0","0","0","false","0","0","0","0","false"
"src.main.java.edu.drexel.TrainDemo.service.UserService_java","0","0","0","0","0","0","0","false","0","0","0","0","false"
"src.main.java.edu.drexel.TrainDemo.service.IRouteService_java","0","0","0","0","0","0","0","false","0","0","0","0","false"
"src.main.java.edu.drexel.TrainDemo.configuration.SecurityConfiguration_java","0","0","0","0","0","0","0","false","0","0","0","0","false"
"src.main.java.edu.drexel.TrainDemo.controllers.StopController_java","0","0","0","0","0","0","0","false","0","0","0","0","false"
"src.main.java.edu.drexel.TrainDemo.service.StopService_java","0","0","0","0","0","0","0","false","0","0","0","0","false"
"src.main.java.edu.drexel.TrainDemo.repositories.TicketRepository_java","0","0","0","0","0","0","0","false","0","0","0","0","false"
"src.main.java.edu.drexel.TrainDemo.service.StripeService_java","0","0","0","0","0","0","0","false","0","0","0","0","false"
"src.main.java.edu.drexel.TrainDemo.service.ICartService_java","0","0","0","0","0","0","0","false","0","0","0","0","false"
"src.main.java.edu.drexel.TrainDemo.controllers.DisplayResultsController_java","0","0","0","0","0","0","0","false","0","0","0","0","false"
"src.main.java.edu.drexel.TrainDemo.models.User_java","0","0","0","0","0","0","0","false","0","0","0","0","false"
"src.main.java.edu.drexel.TrainDemo.configuration.LoggerConfiguration_java","0","0","0","0","0","0","0","false","0","0","0","0","false"
"src.main.java.edu.drexel.TrainDemo.models.Stop_Time_java","0","0","0","0","0","0","0","false","0","0","0","0","false"
"src.main.java.edu.drexel.TrainDemo.controllers.UserController_java","0","0","0","0","0","0","0","false","0","0","0","0","false"
"src.main.java.edu.drexel.TrainDemo.repositories.RouteRepository_java","0","0","0","0","0","0","0","false","0","0","0","0","false"
"src.main.java.edu.drexel.TrainDemo.service.ITicketService_java","0","0","0","0","0","0","0","false","0","0","0","0","false"
"mvn.wrapper.MavenWrapperDownloader_java","0","0","0","0","0","0","0","false","0","0","0","0","false"
"src.main.java.edu.drexel.TrainDemo.controllers.PaymentController_java","0","0","0","0","0","0","0","false","0","0","0","0","false"
"src.main.java.edu.drexel.TrainDemo.controllers.CartController_java","0","0","0","0","0","0","0","false","0","0","0","0","false"
"src.main.java.edu.drexel.TrainDemo.service.TicketService_java","0","0","0","0","0","0","0","false","0","0","0","0","false"
"src.main.java.edu.drexel.TrainDemo.RouteLoggingRunner_java","0","0","0","0","0","0","0","false","0","0","0","0","false"
"src.main.java.edu.drexel.TrainDemo.models.Checkout_java","0","0","0","0","0","0","0","false","0","0","0","0","false"
"src.main.java.edu.drexel.TrainDemo.repositories.CheckoutRepository_java","0","0","0","0","0","0","0","false","0","0","0","0","false"
"src.main.java.edu.drexel.TrainDemo.models.DirectionType_java","0","0","0","0","0","0","0","false","0","0","0","0","false"
"src.main.java.edu.drexel.TrainDemo.controllers.CheckoutController_java","0","0","0","0","0","0","0","false","0","0","0","0","false"
"src.main.java.edu.drexel.TrainDemo.models.Stop_java","0","0","0","0","0","0","0","false","0","0","0","0","false"
"src.main.java.edu.drexel.TrainDemo.repositories.StopRepository_java","0","0","0","0","0","0","0","false","0","0","0","0","false"
"src.main.java.edu.drexel.TrainDemo.service.CartService_java","0","0","0","0","0","0","0","false","0","0","0","0","false"
"src.main.java.edu.drexel.TrainDemo.models.Agency_java","0","0","0","0","0","0","0","false","0","0","0","0","false"
"src.main.java.edu.drexel.TrainDemo.commons.Response_java","0","0","0","0","0","0","0","false","0","0","0","0","false"
"src.main.java.edu.drexel.TrainDemo.TrainDemoApplication_java","0","0","0","0","0","0","0","false","0","0","0","0","false"
"src.main.java.edu.drexel.TrainDemo.models.RouteType_java","0","0","0","0","0","0","0","false","0","0","0","0","false"
"src.main.java.edu.drexel.TrainDemo.service.CheckoutService_java","0","0","0","0","0","0","0","false","0","0","0","0","false"
"src.main.java.edu.drexel.TrainDemo.service.IStopService_java","0","0","0","0","0","0","0","false","0","0","0","0","false"
"src.main.java.edu.drexel.TrainDemo.service.ICheckoutService_java","0","0","0","0","0","0","0","false","0","0","0","0","false"
"src.main.java.edu.drexel.TrainDemo.service.RouteService_java","0","0","0","0","0","0","0","false","0","0","0","0","false"
"src.main.java.edu.drexel.TrainDemo.models.Route_java","0","0","0","0","0","0","0","false","0","0","0","0","false"
"src.test.java.edu.drexel.TrainDemo.TrainDemoApplicationTests_java","0","0","0","0","0","0","0","false","0","0","0","0","false"
"src.main.java.edu.drexel.TrainDemo.repositories.CartRepository_java","0","0","0","0","0","0","0","false","0","0","0","0","false"
"src.main.java.edu.drexel.TrainDemo.models.Ticket_java","0","0","0","0","0","0","0","false","0","0","0","0","false"
"src.main.java.edu.drexel.TrainDemo.service.IStripeService_java","0","0","0","0","0","0","0","false","0","0","0","0","false"
"src.main.java.edu.drexel.TrainDemo.controllers.SearchController_java","0","0","0","0","0","0","0","false","0","0","0","0","false"
